Workbook

Sheet Léeme
A1: Capítulo 2 · De la planilla a la tabla y al gráfico
A2: Hoja del QR de recursos · Módulo de Bioestadística · Semestre 2026-2
A4: Qué trae este libro
A5: Pesos | B5: Los 60 pesos del bloque 1, tal como los entregó el operario.
A6: Tabla | B6: La tabla de frecuencias con sus cuatro columnas, hecha de dos formas, y la respuesta al comprador.
A8: Los colores
A9: Amarillo | B9: Datos que puedes cambiar. Cambia uno y mira qué pasa con lo demás.
A10: Verde | B10: Resultados que se calculan solos. No los escribas encima: tienen fórmula.
A12: Las fórmulas, como se escriben en tu Excel
A13: =CONTAR.SI(rango;"<"&375) | B13: cuenta los pesos menores que 375
A14: =FRECUENCIA(datos;límites) | B14: cuenta cuántos datos caen hasta cada límite
A15: =CONTAR.SI(rango;">="&400) | B15: cuenta los peces de 400 g o más
A17: Si tu Excel está en inglés, las funciones aparecen con su nombre en inglés. Es la misma fórmula.

Sheet Pesos
A1: Pez | B1: Peso (g)
A2: 1 | B2: 387
A3: 2 | B3: 412
A4: 3 | B4: 356
A5: 4 | B5: 401
A6: 5 | B6: 378
A7: 6 | B7: 425
A8: 7 | B8: 344
A9: 8 | B9: 396
A10: 9 | B10: 408
A11: 10 | B11: 371
A12: 11 | B12: 433
A13: 12 | B13: 389
... A61: 60 | B61: 390

Sheet Tabla
A1: Tabla de frecuencias de los 60 pesos
A2: Siete clases de 25 g desde 325, como en el bloque 4 del libro.
A4: Desde (g) | B4: Hasta (g) | C4: Clase | D4: fᵢ con CONTAR.SI | E4: fᵢ con FRECUENCIA | F4: hᵢ | G4: Fᵢ | H4: Hᵢ | J4: Límite para FRECUENCIA
A5: 325 | B5: 350 | C5: ="["&A5&" – "&B5&")" -> [325 – 350) | D5: =COUNTIF(Pesos!$B$2:$B$61,"<"&B5)-COUNTIF(Pesos!$B$2:$B$61,"<"&A5) -> 2 | E5: =INDEX(FREQUENCY(Pesos!$B$2:$B$61,$J$5:$J$11),1) -> 2 | F5: =D5/$D$12 -> 0.033333333 | G5: =SUM($D$5:D5) -> 2 | H5: =G5/$D$12 -> 0.033333333 | J5: =B5-1 -> 349
A6: 350 | B6: 375 | C6: ="["&A6&" – "&B6&")" -> [350 – 375) | D6: =COUNTIF(Pesos!$B$2:$B$61,"<"&B6)-COUNTIF(Pesos!$B$2:$B$61,"<"&A6) -> 13 | E6: =INDEX(FREQUENCY(Pesos!$B$2:$B$61,$J$5:$J$11),2) -> 13 | F6: =D6/$D$12 -> 0.21666667 | G6: =SUM($D$5:D6) -> 15 | H6: =G6/$D$12 -> 0.25 | J6: =B6-1 -> 374
A7: 375 | B7: 400 | C7: ="["&A7&" – "&B7&")" -> [375 – 400) | D7: =COUNTIF(Pesos!$B$2:$B$61,"<"&B7)-COUNTIF(Pesos!$B$2:$B$61,"<"&A7) -> 23 | E7: =INDEX(FREQUENCY(Pesos!$B$2:$B$61,$J$5:$J$11),3) -> 23 | F7: =D7/$D$12 -> 0.38333333 | G7: =SUM($D$5:D7) -> 38 | H7: =G7/$D$12 -> 0.63333333 | J7: =B7-1 -> 399
A8: 400 | B8: 425 | C8: ="["&A8&" – "&B8&")" -> [400 – 425) | D8: =COUNTIF(Pesos!$B$2:$B$61,"<"&B8)-COUNTIF(Pesos!$B$2:$B$61,"<"&A8) -> 15 | E8: =INDEX(FREQUENCY(Pesos!$B$2:$B$61,$J$5:$J$11),4) -> 15 | F8: =D8/$D$12 -> 0.25 | G8: =SUM($D$5:D8) -> 53 | H8: =G8/$D$12 -> 0.88333333 | J8: =B8-1 -> 424
A9: 425 | B9: 450 | C9: ="["&A9&" – "&B9&")" -> [425 – 450) | D9: =COUNTIF(Pesos!$B$2:$B$61,"<"&B9)-COUNTIF(Pesos!$B$2:$B$61,"<"&A9) -> 5 | E9: =INDEX(FREQUENCY(Pesos!$B$2:$B$61,$J$5:$J$11),5) -> 5 | F9: =D9/$D$12 -> 0.083333333 | G9: =SUM($D$5:D9) -> 58 | H9: =G9/$D$12 -> 0.96666667 | J9: =B9-1 -> 449
A10: 450 | B10: 475 | C10: ="["&A10&" – "&B10&")" -> [450 – 475) | D10: =COUNTIF(Pesos!$B$2:$B$61,"<"&B10)-COUNTIF(Pesos!$B$2:$B$61,"<"&A10) -> 1 | E10: =INDEX(FREQUENCY(Pesos!$B$2:$B$61,$J$5:$J$11),6) -> 1 | F10: =D10/$D$12 -> 0.016666667 | G10: =SUM($D$5:D10) -> 59 | H10: =G10/$D$12 -> 0.98333333 | J10: =B10-1 -> 474
A11: 475 | B11: 500 | C11: ="["&A11&" – "&B11&")" -> [475 – 500) | D11: =COUNTIF(Pesos!$B$2:$B$61,"<"&B11)-COUNTIF(Pesos!$B$2:$B$61,"<"&A11) -> 1 | E11: =INDEX(FREQUENCY(Pesos!$B$2:$B$61,$J$5:$J$11),7) -> 1 | F11: =D11/$D$12 -> 0.016666667 | G11: =SUM($D$5:D11) -> 60 | H11: =G11/$D$12 -> 1 | J11: =B11-1 -> 499
C12: Total | D12: =SUM(D5:D11) -> 60 | E12: =SUM(E5:E11) -> 60 | F12: =SUM(F5:F11) -> 1
A14: La pregunta del comprador: ¿qué parte de la cosecha pesa 400 g o más?
A15: Contando en la lista: | E15: =COUNTIF(Pesos!$B$2:$B$61,">=400") -> 22 | F15: peces | G15: =E15/COUNT(Pesos!$B$2:$B$61) -> 0.36666667
A16: Leyendo la acumulada: 1 − Hᵢ de la clase [375 – 400) | G16: =1-H7 -> 0.36666667
A18: FRECUENCIA cuenta los datos MENORES O IGUALES a cada límite, y la tabla del libro usa clases que incluyen el borde de abajo y excluyen el de arriba. Como los pesos son números enteros, la clase [350 – 375) es «hasta 374»: por eso la columna J resta 1. Las dos columnas tienen que dar lo mismo.
